{"joySpeed":0.11593747138977051,"swipeSpeed":5.811622142791748,"backlogDrag":0.17732124030590058}